"customer_id","customer_name","country","payment_terms"
1,Nordic Foods GmbH,UK,30
2,Orchard Solutions AS,Netherlands,30
3,Kestrel Supplies AS,Sweden,30
4,Harbour Partners Ltd,UK,45
5,Harbour Systems AS,UK,60
6,Ravenna Trading GmbH,UK,30
7,Nordic Logistics PLC,France,30
8,Meridian Systems GmbH,UK,90
9,Anka Logistics BV,Turkiye,30
10,Nordic Supplies BV,Sweden,45
11,Vantage Industries BV,Germany,60
12,Silverbrook Components AB,UK,30
13,Meridian Trading AS,France,30
14,Orchard Logistics AB,UK,30
15,Meridian Logistics AS,Germany,90
16,Orchard Industries GmbH,Sweden,30
17,Vantage Components PLC,Sweden,30
18,Nordic Components PLC,France,30
19,Ravenna Partners Ltd,UK,30
20,Harbour Components Ltd,Germany,60
21,Vantage Logistics AB,UK,30
22,Crescent Supplies AB,UK,45
23,Anka Industries Ltd,UK,45
24,Silverbrook Partners AB,UK,60
25,Orchard Partners GmbH,UK,30
26,Kestrel Logistics PLC,UK,60
27,Crescent Logistics AB,UK,60
28,Orchard Supplies AB,Germany,30
29,Vantage Trading GmbH,Sweden,60
30,Harbour Systems AB,UK,60
31,Harbour Systems AS,UK,30
32,Anka Foods PLC,UK,90
33,Nordic Logistics AB,Germany,45
34,Vantage Solutions AB,UK,60
35,Ravenna Systems PLC,UK,90
36,Brightline Solutions AS,UK,30
37,Ravenna Partners PLC,UK,60
38,Orchard Logistics PLC,UK,30
39,Ege Trading AS,Germany,60
40,Kestrel Partners BV,Germany,60
41,Nordic Industries AS,Sweden,30
42,Orchard Logistics BV,Sweden,30
43,Meridian Industries BV,Sweden,30
44,Crescent Systems AB,UK,30
45,Brightline Partners AS,Turkiye,30
46,Silverbrook Logistics PLC,Germany,30
47,Harbour Partners AB,UK,30
48,Ravenna Partners GmbH,Sweden,30
49,Meridian Trading BV,UK,60
50,Orchard Trading BV,Germany,60
51,Orchard Systems AB,Turkiye,60
52,Anka Supplies GmbH,Netherlands,30
53,Crescent Logistics PLC,France,60
54,Harbour Foods AS,Germany,45
55,Harbour Partners GmbH,Germany,30
56,Brightline Partners GmbH,Turkiye,30
57,Vantage Trading AS,UK,60
58,Nordic Partners GmbH,Turkiye,30
59,Meridian Supplies Ltd,UK,45
60,Meridian Components PLC,UK,90
61,Silverbrook Solutions PLC,UK,30
62,Meridian Partners AS,Netherlands,30
63,Crescent Logistics Ltd,UK,90
64,Silverbrook Partners PLC,UK,45
65,Crescent Trading GmbH,UK,30
66,Ege Systems AS,UK,60
67,Ravenna Systems GmbH,UK,60
68,Crescent Logistics BV,Turkiye,45
69,Brightline Supplies BV,UK,60
70,Harbour Components Ltd,Turkiye,30
71,Orchard Foods BV,Netherlands,30
72,Anka Industries GmbH,UK,45
73,Harbour Foods GmbH,UK,30
74,Nordic Foods Ltd,Germany,60
75,Meridian Solutions GmbH,UK,60
76,Harbour Supplies AS,UK,30
77,Ege Components GmbH,France,45
78,Anka Components Ltd,France,30
79,Vantage Foods GmbH,Turkiye,60
80,Meridian Logistics BV,UK,30
81,Silverbrook Supplies AS,Sweden,60
82,Harbour Partners Ltd,Sweden,45
83,Nordic Partners BV,UK,30
84,Orchard Logistics BV,Sweden,60
85,Kestrel Supplies PLC,UK,60
86,Meridian Trading AS,UK,45
87,Nordic Supplies AB,Germany,60
88,Ege Solutions GmbH,UK,90
89,Orchard Partners AB,UK,30
90,Orchard Trading AS,Turkiye,45
91,Harbour Components BV,France,30
92,Orchard Trading AS,Germany,60
93,Ravenna Foods BV,Turkiye,45
94,Crescent Industries BV,France,30
95,Ravenna Components Ltd,UK,30
96,Ege Solutions PLC,UK,60
97,Anka Supplies AS,UK,30
98,Meridian Trading GmbH,UK,60
99,Kestrel Logistics Ltd,Turkiye,30
100,Nordic Logistics Ltd,UK,90
101,Orchard Partners GmbH,UK,30
102,Anka Components GmbH,UK,30
103,Orchard Logistics PLC,UK,60
104,Brightline Partners PLC,Netherlands,90
105,Orchard Systems Ltd,UK,30
106,Orchard Systems GmbH,UK,45
107,Orchard Foods Ltd,UK,60
108,Kestrel Trading GmbH,UK,60
109,Harbour Partners AB,Germany,30
110,Meridian Supplies AB,UK,45
111,Ege Trading AS,UK,60
112,Orchard Logistics GmbH,UK,60
113,Vantage Logistics AS,Netherlands,60
114,Harbour Trading AS,Sweden,45
115,Vantage Supplies BV,Sweden,30
116,Vantage Components AS,Sweden,90
117,Brightline Partners GmbH,Turkiye,60
118,Nordic Trading AB,UK,60
119,Anka Logistics PLC,UK,30
120,Nordic Systems GmbH,Germany,30
121,Harbour Partners Ltd,UK,60
122,Meridian Components BV,Netherlands,30
123,Kestrel Components BV,UK,90
124,Harbour Industries Ltd,Turkiye,30
125,Ravenna Foods AS,Netherlands,60
126,Vantage Trading Ltd,Germany,60
127,Brightline Solutions AS,Netherlands,30
128,Orchard Solutions Ltd,Germany,30
129,Vantage Supplies AB,Netherlands,60
130,Kestrel Components GmbH,UK,45
131,Vantage Supplies AS,UK,30
132,Vantage Components AB,Germany,60
133,Nordic Solutions BV,UK,90
134,Vantage Trading AS,UK,45
135,Orchard Foods PLC,Netherlands,30
136,Ege Trading AS,Sweden,30
137,Kestrel Industries AS,UK,30
138,Brightline Partners AB,UK,30
139,Crescent Supplies AS,UK,30
140,Harbour Foods BV,UK,60
141,Silverbrook Partners AS,France,30
142,Anka Logistics AS,UK,90
143,Ege Trading GmbH,UK,30
144,Crescent Systems PLC,Germany,30
145,Silverbrook Systems AS,UK,60
146,Ravenna Industries AB,UK,60
147,Brightline Logistics GmbH,Sweden,30
148,Anka Partners PLC,Sweden,30
149,Orchard Systems PLC,France,30
150,Brightline Logistics Ltd,Sweden,45
151,Ravenna Partners BV,UK,45
152,Ege Partners Ltd,Turkiye,30
153,Silverbrook Systems Ltd,Netherlands,30
154,Ege Supplies BV,Turkiye,45
155,Harbour Industries GmbH,France,90
156,Kestrel Systems AB,Turkiye,60
157,Nordic Trading AS,Netherlands,45
158,Vantage Industries AB,UK,30
159,Vantage Solutions Ltd,Turkiye,30
160,Orchard Supplies AS,UK,30
161,Silverbrook Components PLC,Germany,60
162,Kestrel Trading GmbH,Sweden,60
163,Crescent Components BV,France,90
164,Crescent Foods BV,France,90
165,Harbour Supplies AB,UK,90
166,Orchard Partners AS,Turkiye,90
167,Ege Trading GmbH,Turkiye,30
168,Anka Industries AB,UK,30
169,Crescent Trading Ltd,UK,30
170,Brightline Partners AB,UK,45
171,Nordic Components GmbH,Turkiye,30
172,Nordic Solutions BV,UK,60
173,Orchard Foods Ltd,France,60
174,Meridian Systems AS,UK,45
175,Meridian Industries BV,France,30
176,Harbour Solutions BV,UK,30
177,Meridian Solutions AB,Turkiye,30
178,Nordic Supplies Ltd,UK,60
179,Ravenna Industries PLC,Germany,45
180,Vantage Supplies BV,Turkiye,60
181,Silverbrook Logistics BV,France,30
182,Nordic Solutions GmbH,Turkiye,30
183,Harbour Logistics Ltd,UK,30
184,Meridian Solutions Ltd,UK,60
185,Harbour Systems AB,UK,60
186,Harbour Logistics GmbH,UK,30
187,Nordic Foods Ltd,Sweden,90
188,Crescent Systems AS,Sweden,30
189,Anka Components GmbH,Turkiye,60
190,Ege Industries Ltd,Netherlands,30
191,Meridian Partners Ltd,Turkiye,30
192,Kestrel Solutions AB,Turkiye,60
193,Kestrel Components AS,UK,30
194,Crescent Industries AS,UK,30
195,Silverbrook Logistics AB,Sweden,30
196,Nordic Foods PLC,Netherlands,30
197,Crescent Trading BV,UK,60
198,Nordic Foods AB,Germany,60
199,Crescent Partners PLC,Sweden,60
200,Silverbrook Foods AB,UK,30
201,Crescent Trading Ltd,UK,45
202,Ravenna Industries PLC,Netherlands,30
203,Harbour Partners GmbH,Sweden,30
204,Meridian Solutions BV,UK,30
205,Harbour Logistics AS,Netherlands,90
206,Ege Systems AS,UK,60
207,Orchard Systems GmbH,Netherlands,60
208,Silverbrook Logistics Ltd,UK,45
209,Ege Logistics AB,Germany,45
210,Orchard Logistics BV,UK,45
211,Ege Partners Ltd,UK,45
212,Meridian Components BV,Netherlands,30
213,Orchard Solutions AS,UK,30
214,Harbour Solutions PLC,UK,30
215,Meridian Partners AS,UK,90
216,Ege Supplies BV,Sweden,45
217,Brightline Solutions Ltd,Turkiye,90
218,Nordic Supplies Ltd,France,30
219,Harbour Systems GmbH,UK,45
220,Ravenna Industries BV,UK,30
221,Nordic Foods Ltd,UK,30
222,Harbour Trading GmbH,Germany,30
223,Meridian Trading Ltd,France,30
224,Anka Solutions GmbH,Sweden,90
225,Meridian Logistics GmbH,Germany,30
226,Ege Logistics Ltd,UK,60
227,Orchard Partners AS,Netherlands,45
228,Vantage Trading BV,UK,30
229,Vantage Partners BV,UK,45
230,Anka Partners Ltd,UK,30
231,Harbour Industries PLC,UK,90
232,Ravenna Trading PLC,UK,60
233,Brightline Trading AB,UK,60
234,Orchard Logistics Ltd,UK,45
235,Harbour Industries BV,Sweden,30
236,Meridian Trading AS,UK,90
237,Kestrel Systems AS,UK,30
238,Harbour Trading PLC,France,30
239,Ege Systems Ltd,Turkiye,30
240,Kestrel Supplies BV,Germany,60
241,Nordic Components PLC,UK,60
242,Kestrel Supplies GmbH,Netherlands,60
243,Nordic Trading BV,UK,60
244,Kestrel Trading Ltd,UK,30
245,Kestrel Solutions Ltd,Netherlands,90
246,Nordic Supplies Ltd,Germany,30
247,Orchard Foods Ltd,Turkiye,60
248,Crescent Industries Ltd,Germany,30
249,Orchard Systems AS,Sweden,90
250,Brightline Components GmbH,UK,30
251,Anka Solutions BV,UK,30
252,Harbour Foods AS,UK,45
253,Anka Solutions BV,UK,30
254,Ege Logistics PLC,Netherlands,30
255,Kestrel Partners PLC,UK,60
256,Nordic Systems BV,Germany,30
257,Meridian Components PLC,Turkiye,90
258,Nordic Solutions Ltd,Turkiye,30
259,Anka Solutions AS,UK,60
260,Kestrel Solutions AS,UK,45
261,Orchard Systems BV,France,60
262,Anka Supplies BV,Sweden,45
263,Ege Systems Ltd,Turkiye,45
264,Silverbrook Trading AS,Netherlands,90
265,Silverbrook Partners BV,Turkiye,30
266,Vantage Logistics AS,UK,30
267,Harbour Logistics AS,Germany,60
268,Crescent Logistics BV,UK,60
269,Kestrel Industries AB,Sweden,30
270,Kestrel Industries Ltd,France,30
271,Ege Partners AB,Germany,60
272,Brightline Foods PLC,UK,60
273,Nordic Logistics Ltd,UK,90
274,Silverbrook Supplies Ltd,France,45
275,Harbour Supplies AS,UK,60
276,Harbour Foods GmbH,UK,30
277,Harbour Partners GmbH,UK,90
278,Orchard Systems AS,UK,30
279,Brightline Partners GmbH,UK,60
280,Brightline Supplies GmbH,Germany,30
281,Ege Supplies Ltd,UK,45
282,Harbour Solutions BV,UK,60
283,Meridian Supplies AB,UK,45
284,Harbour Supplies Ltd,UK,90
285,Harbour Foods AS,UK,30
286,Silverbrook Partners AS,Sweden,60
287,Nordic Components Ltd,UK,30
288,Vantage Supplies PLC,UK,30
289,Vantage Solutions Ltd,UK,30
290,Harbour Solutions PLC,UK,30
291,Orchard Solutions Ltd,UK,30
292,Ege Partners AS,UK,60
293,Silverbrook Logistics GmbH,Netherlands,60
294,Ege Partners BV,UK,60
295,Vantage Logistics AS,Germany,30
296,Vantage Solutions GmbH,UK,30
297,Ravenna Industries GmbH,UK,30
298,Harbour Solutions Ltd,UK,60
299,Ege Industries Ltd,Turkiye,60
300,Brightline Industries GmbH,Netherlands,30
