"rate_month","eur_gbp_avg","eur_gbp_close"
2024-10-01,0.83496,0.83753
2024-11-01,0.83379,0.83205
2024-12-01,0.82804,0.82918
2025-01-01,0.83908,0.83608
2025-02-01,0.83071,0.82608
2025-03-01,0.83703,0.83536
2025-04-01,0.85379,0.85180
2025-05-01,0.84350,0.84120
2025-06-01,0.84981,0.85550
2025-07-01,0.86469,0.86490
2025-08-01,0.86528,0.86680
2025-09-01,0.86895,0.87340
2025-10-01,0.87155,0.88160
2025-11-01,0.87997,0.87520
2025-12-01,0.87500,0.87260
2026-01-01,0.86828,0.86620
2026-02-01,0.87032,0.87630
2026-03-01,0.86631,0.86833
2026-04-01,0.86933,0.86625
2026-05-01,0.86565,0.86723
2026-06-01,0.86372,0.86178
2026-07-01,0.85392,0.85573
2026-08-01,0.85606,0.85648
2026-09-01,0.85813,0.85463
